{
	"texture_size": [48, 48],
	"textures": {
		"0": "technomancy:item/energy_repeater"
	},
	"elements": [
		{
			"from": [-2, -0.5, 1],
			"to": [2, 0.5, 3],
			"rotation": {"angle": -45, "axis": "z", "origin": [0, 0, 2]},
			"faces": {
				"north": {"uv": [2.66667, 2.66667, 5.33333, 3.33333], "texture": "#0"},
				"east": {"uv": [5.33333, 4, 6, 2.66667], "rotation": 270, "texture": "#0"},
				"south": {"uv": [2.66667, 3.33333, 5.33333, 4], "texture": "#0"},
				"west": {"uv": [5.33333, 2.66667, 6, 4], "rotation": 270, "texture": "#0"},
				"up": {"uv": [2.66667, 4, 5.33333, 2.66667], "rotation": 180, "texture": "#0"},
				"down": {"uv": [2.66667, 2.66667, 5.33333, 4], "rotation": 180, "texture": "#0"}
			}
		},
		{
			"from": [-2, -0.5, 1],
			"to": [2, 0.5, 3],
			"rotation": {"angle": 0, "axis": "y", "origin": [0, 0, 2]},
			"faces": {
				"north": {"uv": [2.66667, 2.66667, 5.33333, 3.33333], "rotation": 180, "texture": "#0"},
				"east": {"uv": [5.33333, 2.66667, 6, 4], "rotation": 90, "texture": "#0"},
				"south": {"uv": [2.66667, 3.33333, 5.33333, 4], "rotation": 180, "texture": "#0"},
				"west": {"uv": [5.33333, 4, 6, 2.66667], "rotation": 90, "texture": "#0"},
				"up": {"uv": [2.66667, 2.66667, 5.33333, 4], "texture": "#0"},
				"down": {"uv": [2.66667, 4, 5.33333, 2.66667], "texture": "#0"}
			}
		},
		{
			"from": [-2, -0.5, 1],
			"to": [2, 0.5, 3],
			"rotation": {"angle": 45, "axis": "z", "origin": [0, 0, 2]},
			"faces": {
				"north": {"uv": [2.66667, 2.66667, 5.33333, 3.33333], "rotation": 180, "texture": "#0"},
				"east": {"uv": [5.33333, 2.66667, 6, 4], "rotation": 90, "texture": "#0"},
				"south": {"uv": [2.66667, 3.33333, 5.33333, 4], "rotation": 180, "texture": "#0"},
				"west": {"uv": [5.33333, 4, 6, 2.66667], "rotation": 90, "texture": "#0"},
				"up": {"uv": [2.66667, 2.66667, 5.33333, 4], "texture": "#0"},
				"down": {"uv": [2.66667, 4, 5.33333, 2.66667], "texture": "#0"}
			}
		},
		{
			"from": [-0.5, -2, 1],
			"to": [0.5, 2, 3],
			"rotation": {"angle": 0, "axis": "y", "origin": [0, 0, 2]},
			"faces": {
				"north": {"uv": [2.66667, 2.66667, 5.33333, 3.33333], "rotation": 270, "texture": "#0"},
				"east": {"uv": [2.66667, 4, 5.33333, 2.66667], "rotation": 270, "texture": "#0"},
				"south": {"uv": [2.66667, 3.33333, 5.33333, 4], "rotation": 90, "texture": "#0"},
				"west": {"uv": [2.66667, 2.66667, 5.33333, 4], "rotation": 270, "texture": "#0"},
				"up": {"uv": [5.33333, 2.66667, 6, 4], "texture": "#0"},
				"down": {"uv": [5.33333, 4, 6, 2.66667], "texture": "#0"}
			}
		}
	],
	"display": {
		"thirdperson_righthand": {
			"translation": [0, 1.5, -4.5]
		},
		"firstperson_righthand": {
			"translation": [-0.75, 3.75, 0]
		},
		"firstperson_lefthand": {
			"translation": [-0.75, 3.75, 0]
		},
		"ground": {
			"rotation": [0, 0, 90],
			"translation": [0, 0, 3],
			"scale": [0.65, 0.65, 0.65]
		}
	},
	"groups": [
		{
			"name": "group",
			"origin": [7.5, 7, 2],
			"color": 0,
			"children": [0, 1, 2, 3]
		}
	]
}